,frame,signal_maxima,signal_extrema,signal_maxima_nor,signal_extrema_nor
0,1,-8.729127090405044e-06,4.015357629536677e-05,0.0014221551896815487,0.0011943308827776474
1,2,0.00025015074847372184,-0.00044602345311294233,0.0023697222291461408,0.0007680981157232418
2,3,0.00045136095142961954,-0.000846795861607888,0.0017272660985536948,-0.0002899235386237976
3,4,0.0005502281904432215,-0.0010972673494749874,0.0012841881193198857,-0.0003317998569681686
4,5,0.0005275231109529233,-0.001170299833096569,0.0012912141058672602,-0.00037806688460191254
5,6,0.0003930831530229899,-0.0010811026870315174,0.0009150540789429718,-0.0002535503236575557
6,7,0.0001815081060317189,-0.0008797606059848455,0.00039348030764757845,-0.00018986587116985853
7,8,-5.8267073315887496e-05,-0.0006344901765939228,5.3977858463859205e-05,-0.00012991936081738813
8,9,-0.00027602235121752697,-0.0004111386980997677,-0.00019808185989909137,-4.698958209480303e-05
9,10,-0.0004320131166641538,-0.0002552941929060652,-0.00039353249325622535,-4.35226061825012e-05
10,11,-0.0005044030339172048,-0.00018217955395863396,-0.0004451805020902465,-1.8458579321208367e-05
11,12,-0.0004910470664768687,-0.00017675076150150857,-0.0005399187037366209,-4.4230442383321464e-05
12,13,-0.00040618110359050405,-0.00020307457843746725,-0.00061369100425848,-8.05873186466568e-05
13,14,-0.00027397866083048476,-0.00021921932779224372,-0.0007437246604264415,-7.881693616390922e-05
14,15,-0.0001214859182606784,-0.00019242177958622353,-0.000836234237934761,-4.3625459122427214e-05
15,16,2.6890913282743287e-05,-0.00010958110154079016,-0.0005826557371840929,-4.6282426051642955e-05
16,17,0.0001521425725165015,2.0006572187614314e-05,-0.000454321577199281,-4.464117125152273e-05
17,18,0.00024065585327171372,0.0001699903058287408,-0.0001060743322933468,-2.933639992014786e-05
18,19,0.0002824840579507063,0.00030795279569099417,4.362139774491236e-05,0.0006532397883886819
19,20,0.000269486153349243,0.000407783509644089,-8.24742861020033e-05,8.7261423576106e-05
20,21,0.0001948924132310109,0.000458847295968153,-0.0003277952965492716,0.0007127811029538461
21,22,5.521731494896449e-05,0.0004686289098871547,-0.0005366280084709064,0.0006720720024078277
22,23,-0.00014563259995567293,0.0004579658569203591,-0.0006509753155688263,0.0006539793776048215
23,24,-0.0003914129326328951,0.0004507422003079382,-0.0008548778604650074,4.7860915613974206e-05
24,25,-0.0006500413746153557,0.00046203838740938957,-0.0009454124298894313,0.0006408164937394704
25,26,-0.00087405592032942,0.0004894440998965604,-0.0009409524359824071,0.0005852535636092899
26,27,-0.0010067971140210374,0.0005112412430510665,-0.0008676270752857278,0.0005735383695562144
27,28,-0.0009943811029894086,0.0004927499834743063,-0.0007176724586261369,0.0005347798154215094
28,29,-0.0008012902215729265,0.00039911947824847817,-0.0005721180903708162,0.0004833858188857603
29,30,-0.00042536837406011673,0.00021030398212477418,-0.00026689211821762635,0.00044372647944122465
30,31,9.297903140452657e-05,-6.716047684230205e-05,4.439789379733751e-05,0.0004256509063183177
31,32,0.0006718823661099758,-0.00039619775243476303,0.0008243074781861524,0.0002570845108932865
32,33,0.0012014124773669322,-0.0007152029293096081,0.002091881855932941,-0.0003853911191825921
33,34,0.0015675870991957244,-0.0009528255102257116,0.0019926328372046136,-0.0007597349422036186
34,35,0.0016814702971088182,-0.0010472715727357623,0.002233181277009981,-0.000955738241453497
35,36,0.0015053160595194302,-0.0009642138895724477,0.0021372879195098115,-0.00085928543269812
36,37,0.0010675072637533925,-0.0007077418723907814,0.0023671681248991112,-0.0004948534126922773
37,38,0.0004605546623413277,-0.00032098995918357945,0.0017111148995344206,0.0008745659295655875
38,39,-0.0001788965914823929,0.00012366789209005698,0.0006001296895853281,0.0010599523375635035
39,40,-0.0007036136599477223,0.0005418427401991519,0.0002783779397397702,0.0012725475160870658
40,41,-0.0009939109714322146,0.0008567870116659279,0.00019782041594021367,0.001186497308385326
41,42,-0.0009894459901840203,0.0010161960001485678,-0.00012306849705151341,0.001153878461898998
42,43,-0.0007051854452162651,0.0010021195290550976,7.618750831233334e-05,0.0011575931417225419
43,44,-0.0002266044970700918,0.0008321473758961251,0.00028111175734121715,0.0013538425176123764
44,45,0.0003145312905779327,0.0005524066689994162,0.0011455270520519833,0.0013294478697844368
45,46,0.0007764827950002053,0.00022481681650017812,0.0023609117553149836,0.0014955390885564186
46,47,0.0010450081428878557,-8.787852171697243e-05,0.0035195181653596393,-0.00022686033922909355
47,48,0.001061011199727471,-0.0003356355993561858,0.0016030704894122074,-0.0003915364831681789
48,49,0.0008309423348555004,-0.0004902043615436951,0.0011222077260794525,-0.0002468624463338867
49,50,0.0004183521194198222,-0.0005480933329997218,0.0007034599380131694,-0.00043595020580077806
50,51,-7.901225262948711e-05,-0.0005272961571781724,0.0006191654410953403,-0.00036832732755268707
51,52,-0.0005581175322369023,-0.0004591948785745249,4.33734658023692e-06,-0.0003390646234608539
52,53,-0.0009362452556054791,-0.0003781520341724233,-0.0003080620684573889,-0.00032015470105907284
53,54,-0.0011662978586162228,-0.0003117058143743677,-0.0005425938960799181,-0.0003121645792692585
54,55,-0.001239196402943815,-0.00027390398068985526,-0.0007105841482954767,-0.0003517319364409589
55,56,-0.0011753894796608785,-0.00026328143534587326,-0.0007043741204310968,-0.00034137231154596415
56,57,-0.0010107152061858168,-0.0002656101309214252,-0.0007458373684324151,-0.00036301025417733845
57,58,-0.0007827086974664303,-0.0002602211974649251,-0.0007189799852224736,-0.00032332030056491447
58,59,-0.0005219526907187856,-0.00022778159159559858,-0.0007433804435356406,-0.0003413283638903697
59,60,-0.00025012243012604457,-0.00015713534723303717,-0.0005959424769625654,-0.00033787852314961034
60,61,1.6695057915655133e-05,-4.923802738243305e-05,-0.0003625175577032472,-0.0003238157169429601
61,62,0.00026281191726654603,8.282631439804338e-05,-6.288107649144402e-05,-0.0003505710747526373
62,63,0.00046953965183048997,0.00021754992380886267,0.00016934266433668354,0.0002817594152589572
63,64,0.0006158703344758371,0.00033113955384893236,0.00027641931124051494,0.000272555305356936
64,65,0.000683280749924876,0.0004041399174655572,0.0003017792549615742,0.00028894025816410073
65,66,0.0006625850791051254,0.0004265497204435476,0.00017229741441747795,0.00018152500928730775
66,67,0.0005596489741027455,0.0003999978775570727,-5.9416874322062566e-05,0.000195349336708106
67,68,0.00039706850199108546,0.000336514037190069,-0.00041356669539974433,0.00017232659985840792
68,69,0.0002104295117551506,0.0002544825444019948,-0.0007882197310864799,0.00013203662508651438
69,70,3.985292754563227e-05,0.00017318180536689037,-0.0008802383435724291,0.00011650680615969503
70,71,-8.062427701667368e-05,0.0001076424313077609,-0.000912866078404616,8.261023810216413e-05
71,72,-0.000132367725629128,6.532842630358324e-05,-0.0009627531699510942,-0.0009976993152777448
72,73,-0.00011702181152555936,4.545496677938353e-05,-0.0009164720585888733,2.2226121279375205e-05
73,74,-5.521830500044784e-05,4.084812179059786e-05,-0.0009217381201892831,-1.8097195875386772e-05
74,75,2.060285501001209e-05,4.143925679356506e-05,-0.0008762908422893338,0.00010344549847160703
75,76,7.706124125842574e-05,3.8046835840391916e-05,-0.0008612312749916312,-0.0005365455181893318
76,77,9.097307201120064e-05,2.5168065943155467e-05,-0.000844779449598237,-0.0005252956111188968
77,78,5.719431563245119e-05,2.0220847772030315e-06,-0.0008347519714717695,-0.00047164372867617967
78,79,-9.421510568698451e-06,-2.8178275628540777e-05,-0.0008084834292787953,-0.0005216023226805642
79,80,-7.874259875121529e-05,-6.010269431422638e-05,-0.0007731895687936206,-0.0005117384873856294
80,81,-0.00011545235161651213,-8.839225589940009e-05,-0.0007552334202231722,-0.0005967927494509397
81,82,-9.145314273924561e-05,-0.00010913718173685508,-0.000824880856110778,-0.0005902186069347559
82,83,3.3595626604332705e-06,-0.00012036075394092776,-0.0006431901833094882,-0.0005773264672709994
83,84,0.00015556915586151593,-0.00012167239737824065,-0.0005993625532614938,-0.0005462724648137462
84,85,0.00033008193851158325,-0.0001136451465949844,-0.00027555057605522935,-0.0006151262601052522
85,86,0.0004792102259447395,-9.753065302796388e-05,-1.9971835647049895e-05,-0.0005394260862293381
86,87,0.0005565062496040678,-7.562229605252318e-05,0.00016006100972637937,-1.6986687033619885e-05
87,88,0.0005311633754449645,-5.20592566290224e-05,0.00020701974298107702,-0.00016613128705276827
88,89,0.000398364529552391,-3.3394425557650865e-05,0.00013165435543281568,-0.000402887518563744
89,90,0.00018200774667359658,-2.809725823763666e-05,-1.0387821051391855e-05,-0.0003073759944424014
90,91,-7.147363362683828e-05,-4.448012768762491e-05,-0.00043123405454841967,-0.000277640024430847
91,92,-0.00030663112221598557,-8.726228732581164e-05,-0.0005849539817287215,-0.0002704574004542313
92,93,-0.00047579687586633135,-0.00015383774591930894,-0.0006078216348573673,-0.00018661702804423415
93,94,-0.0005537866281287642,-0.00023188763130090894,-0.0006798679047140073,-0.00021558719452358108
94,95,-0.0005455368661232495,-0.0002999217024597644,-0.0006163689241098105,-0.00024253229200556624
95,96,-0.0004837726090809027,-0.0003315268064492172,-0.0005869673050055427,-0.00026020818675862
96,97,-0.0004169694659508084,-0.0003027485940048059,-0.0005578876295952848,-0.00023867023685397452
97,98,-0.00039116785660846725,-0.00020062534144408778,-0.0005415292826738014,-0.00030074110134803634
98,99,-0.0004315379615268038,-3.0019888789715713e-05,-0.0005026210563147097,-0.00030533941308721755
99,100,-0.0005301301127243217,0.00018399756565336451,-0.0004461618997505325,-0.00034947668066758695
100,101,-0.0006446492010702452,0.00039978692723065403,-0.0003331278994695287,0.0005630529574030818
101,102,-0.000709715366765832,0.0005684593497914942,-0.00037754565310478707,0.0004239946654472737
102,103,-0.0006579027239170166,0.000646563044303694,-0.0004703886905992246,9.239051416086242e-05
103,104,-0.0004442390871590965,0.000608481363930925,-0.0006512170632852444,0.0002033043913854087
104,105,-6.610026913793169e-05,0.0004547135221491834,-0.0005024324562635118,-0.00010915938618121329
105,106,0.00042868614287866025,0.00021328829054985355,4.762363662272828e-05,0.00010922695922890341
106,107,0.0009492936779566499,-6.642972816029855e-05,0.0010651761736264226,6.037609551246936e-06
107,108,0.001383727100912799,-0.0003259728536339527,0.0018247439499692172,-0.0005716178509277724
108,109,0.0016290107877657148,-0.0005125891853900683,0.00168657666103074,-0.00024163107731844097
109,110,0.001620670829574875,-0.0005923364290926695,0.001919813218188422,-0.0004931061059156798
110,111,0.0013523120344520918,-0.0005576115649993034,0.0012413180141283653,-0.0008838838634624192
111,112,0.0008789850953597161,-0.0004269815369504736,0.0007599414406178187,-0.000573346455371311
112,113,0.00030302511908774824,-0.00023761615229858264,-6.587974756229588e-05,-5.723069149635082e-05
113,114,-0.00025352889522984836,-3.3011914587574605e-05,-0.0006501623786242462,8.62168726483002e-05
114,115,-0.0006817237550026142,0.0001497877068816702,-0.0008410253440037962,0.00030785934776385727
115,116,-0.0009139921515813126,0.0002891957139887327,-0.0009164209788476872,0.0003418170530144935
116,117,-0.0009397790676682104,0.00038147706137179894,-0.0009460662209371955,2.829293618018655e-05
117,118,-0.0008042570203472656,0.0004361894366505749,-0.0008560816876090271,0.00022323227897788468
118,119,-0.0005909837628118673,0.00046694294974466304,-0.0008087870898398361,0.0003945962918813891
119,120,-0.00039403843160415583,0.0004815230770469707,-0.000766989145150526,0.000294127610261743
120,121,-0.00028810508963515355,0.00047565361906493157,-0.0006292703709348874,0.00023441680671454522
121,122,-0.00030538844670373344,0.0004332501993784527,-0.0006113244704231476,2.8923907144359468e-05
122,123,-0.00042611257459248755,0.000333434683975129,-0.0007151985242536174,0.0003862781833255975
123,124,-0.0005853293901612759,0.00016179937340908996,-0.0007491267829492656,0.00016193720503894672
124,125,-0.000693996351543575,-7.85174681036303e-05,-0.0008127202140535143,-0.0006618891808605009
125,126,-0.0006681008432031704,-0.00036068739993439853,-0.0008862332131032704,-0.00011177099967901507
126,127,-0.00045718394138071893,-0.0006362156113862621,-0.00083323051578634,-0.0012304957681535432
127,128,-6.365816840695035e-05,-0.0008455356263288047,-0.0005497836232081578,-0.0012649702210127422
128,129,0.0004531359360224087,-0.0009344081120635239,-3.309812144006594e-05,-0.001356930157086393
129,130,0.0009898030456356626,-0.0008710003691023986,0.0007234900884716995,-0.0010771261359888138
130,131,0.0014253777005186791,-0.0006578688819677636,0.0011026171049225704,-0.0013545734925735496
131,132,0.0016539830672942229,-0.00033441885571758767,0.0015562589648062302,-0.0011200541620113506
132,133,0.0016142419041049517,3.162998017825997e-05,0.0014841448264340316,0.00014508456003922053
133,134,0.0013068246210206273,0.0003616602948320178,0.001163940730964172,0.000229427257448699
134,135,0.000794928446119966,0.0005873563966726727,0.0007517547841745542,0.00040907462779750224
135,136,0.00018748761476132525,0.0006692232832068562,-0.00044849975986324507,0.00033584023316818534
136,137,-0.000390002592132116,0.0006067131346221611,-0.0008895872396306825,0.00029425764659770336
137,138,-0.000828557763699524,0.0004368708823023205,-0.0009039223378233221,0.0005567109812374692
138,139,-0.0010631378273312584,0.0002220312345091198,-0.001183682334176651,0.00045675761715722926
139,140,-0.0010867087551927176,3.0510416135988984e-05,-0.001140844578605646,-0.0025552719349914363
140,141,-0.0009472537900650644,-8.367951772119068e-05,-0.000969793258980366,0.00027039855430644545
141,142,-0.0007291123086293405,-9.595127782628078e-05,-0.0009144925182293246,0.0002530068826850587
142,143,-0.0005245780104925494,-1.6771680694262237e-05,-0.0006974601191219622,8.647089118413955e-05
143,144,-0.0004044291110174007,0.0001134580590404235,-0.000553776940690069,0.00010926300128462779
144,145,-0.00039623816064626266,0.0002382504600140418,-0.0004858364754362778,-4.074266436346557e-05
145,146,-0.00047690406818139196,0.0003031174792938063,-0.00040730745762178696,0.0001631007773455308
146,147,-0.00058157095626529,0.00027240825495911103,-0.00035474316977457935,0.00017864162580338543
147,148,-0.0006261758871636691,0.00014005757349741854,-0.0004599961004505296,3.726069862839479e-05
148,149,-0.0005367206889022603,-6.862350083402369e-05,-0.0005433905793110256,7.683675586641711e-05
149,150,-0.00027621977801301314,-0.00030431645835257476,-0.0003527161476558873,9.388981695883486e-05
150,151,0.0001391812927407049,-0.0005078272535819622,-1.8736894947112586e-06,-2.569998206470861e-05
151,152,0.0006402802298737028,-0.0006267565809279036,0.000769603606457476,-0.001076866407991345
152,153,0.001121584115330934,-0.0006299013590744873,0.001218285654739515,-0.001105371625565864
153,154,0.0014701192273481086,-0.000515379105156977,0.0014605675278388693,-0.00021355384938304
154,155,0.0015977951156568978,-0.00031039534942009863,0.001937965858624373,8.580909585598701e-05
155,156,0.001467532997180573,-6.304783153378263e-05,0.0018433690646146117,0.0004027758394931978
156,157,0.0011050810010241644,0.00017117061984946207,0.001283940578411245,0.00029887820488706134
157,158,0.0005926925322400447,0.0003441213824800972,0.0007822325015130509,0.0003787258767315882
158,159,4.634873551241317e-05,0.0004268415192918149,-0.000222645159095194,0.00042847502098054536
159,160,-0.0004167470034848512,0.00041534628912220266,-0.0003093476702453002,0.0005245094182194077
160,161,-0.0007106653120731932,0.0003292244041244776,-0.00041852063064909563,0.0006249897449135616
161,162,-0.0008034715768851723,0.00020394409681662992,-0.0005056668223363783,0.0006161055760080212
162,163,-0.0007233657072425313,7.948660854200883e-05,-0.0005633203153503284,0.00026923239528068617
163,164,-0.0005464746712634991,-1.1228081824622885e-05,-0.00038820968016323794,0.0002577839066040169
164,165,-0.00037011628183984815,-5.0836904903375016e-05,-0.0002709811046292835,0.00031719123894923353
165,166,-0.0002798016181286191,-4.0757834131507955e-05,-0.0002527406113867504,0.00016986609156161874
166,167,-0.0003202213443517917,1.3960838334747746e-06,-0.00024070650776197316,0.00045094932043842305
167,168,-0.0004793578033062248,4.9032105595240506e-05,-0.00027855750224672676,0.0002657135780330165
168,169,-0.0006909671355166684,7.595626802552661e-05,-0.0004399234874856652,0.0003661525688114653
169,170,-0.0008550965766520786,6.495504779240941e-05,-0.0005560659568646797,0.000289342904580495
170,171,-0.000870681510865861,1.3032085007128491e-05,-0.0007765520630620279,0.00016066908746947204
171,172,-0.0006703143269389277,-6.809264334167106e-05,-0.000730601414059407,0.00019677238332233327
172,173,-0.0002462667489880865,-0.0001560958819965131,-0.0003572113825211013,0.00023703234633719688
173,174,0.00034079506696830587,-0.00022524892349610608,2.5906524642198045e-05,-6.864660966536495e-05
174,175,0.000973845694251013,-0.00025431225064692826,0.0009739614094273337,0.00010123072875421407
175,176,0.001509364309138415,-0.00023266402866906898,0.0016160866676861742,-0.00016147409816573115
176,177,0.0018164758900439044,-0.0001628993597163478,0.002109939658475504,0.0001506162505879781
177,178,0.0018137452378386531,-5.935384406688625e-05,0.001994442804860374,0.00014309086476241943
178,179,0.001492529729661447,5.668016121544957e-05,0.0016744263761475572,0.00034186486362599043
179,180,0.0009198211389115893,0.00016329832372805533,0.001195314621724791,0.00038252728853096916
180,181,0.00021976511771134357,0.00024380288658445027,-0.000187746881188904,0.00032105046292576903
181,182,-0.0004604639815755739,0.00029026683426696607,-0.0010470921901934614,0.00022031488122946737
182,183,-0.000990107819642579,0.0003039932425954747,-0.0011270064236080912,0.000330947015444315
183,184,-0.001287900486380156,0.0002930763602151731,-0.0011961623051958544,0.000336110607749883
184,185,-0.0013393542798916071,0.000268149450281031,-0.0010161150822472949,0.0004423573517794439
185,186,-0.0011938951166641956,0.00023785533162671362,-0.0010137343928578923,0.00030764791389885045
186,187,-0.0009436732151854848,0.0002055219447158536,-0.0009982970041045492,0.00025643931459732184
187,188,-0.0006912550077850738,0.00016805016446138537,-0.0008620239658908118,0.00026810195433781827
188,189,-0.0005164124104836836,0.00011730592897662162,-0.0007273092039968876,0.0002070288544824124
189,190,-0.00045209826059256246,4.3562382863719705e-05,-0.0005943589426901412,-2.1431179359903464e-05
190,191,-0.00047661123904898015,-6.005593039602123e-05,-0.0004335450618929489,2.3146628534479714e-05
191,192,-0.000523908370405269,-0.0001934839046542019,-0.000250719985444268,6.249016957057696e-05
192,193,-0.0005085141115830117,-0.0003472944487636204,-0.00026690557406186077,-0.00022498333034111516
193,194,-0.00035708285119369923,-0.0005028598058792546,-0.0003395677887270981,-0.00013618194000594968
194,195,-3.665160780497842e-05,-0.0006353346889915553,4.349168983074581e-06,-0.0003417983010643863
195,196,0.00042942847888983353,-0.000718896257997454,0.00018491111532154176,-0.00018526947041001173
196,197,0.000963205893972641,-0.0007329515758069889,0.0008607083415551297,-0.0002031603277200501
197,198,0.0014514338152002181,-0.0006676020560354443,0.0014205020826406525,-0.0002927621928042945
198,199,0.0017769386904535607,-0.0005267120761947887,0.0019405698434919612,-0.00013504350379094231
199,200,0.0018526472760264183,-0.0003275212075229738,0.002061185007160632,7.837569880049334e-05
200,201,0.001647849261173504,-9.674903740869458e-05,0.0019847262907954264,-0.0010409653229721326
201,202,0.001198512446051061,0.00013572493382194397,0.0017517695637158893,0.0005173852912559245
202,203,0.0005983214372952658,0.0003436632066718269,0.0004763130403181559,0.000581026766547908
203,204,-2.6936945220761177e-05,0.0005095823214996235,-0.00040785653059744804,0.0006822745930763454
204,205,-0.0005538734477814351,0.0006265662422152209,-0.0005360676206460885,0.0005759019584859738
205,206,-0.0008944318693417425,0.0006963803221463862,-0.0008038754673229091,0.0006478257097643356
206,207,-0.0010174347695752933,0.0007249041213393464,-0.0007337896279839801,0.0007071840484693927
207,208,-0.0009525923998429909,0.0007169660075930089,-0.0005610460345334578,0.0007228176804411078
208,209,-0.0007763277734696275,0.0006729120517007543,-0.0004220231512158879,0.000559483524560909
209,210,-0.0005843214748153001,0.0005885286878771742,-0.0003502806694187647,0.0006952423492864045
210,211,-0.0004595705911511766,0.00045851117585460306,-0.0003653331687294983,0.0005778616754939766
211,212,-0.0004458677522178255,0.0002820877555453115,-0.00034181453993289767,0.00044283954663922834
212,213,-0.0005347101381319082,6.832454558922295e-05,-0.0003274511763709053,0.000409676365381559
213,214,-0.0006694116560437034,-0.00016147325350471798,-0.000406958934856124,0.00039046748241161
214,215,-0.0007649269395087097,-0.00037588422188938945,-0.00021353082428865727,0.00033951597243625677
215,216,-0.0007371588877240745,-0.0005399403952342859,-0.00036729569122221365,-0.0012204594094800388
216,217,-0.0005326757661767902,-0.000624291877668502,-0.00028310305926649356,-0.0012256177139152282
217,218,-0.0001496189576984859,-0.0006139734054590355,6.431224757942407e-05,-0.001261175760221977
218,219,0.00035681986166329895,-0.0005137378471085691,0.00047746232542032665,0.00027616901627610025
219,220,0.0008863769264087346,-0.0003479989236745475,0.0011786346567235187,0.00037230055635864925
220,221,0.001319918243108438,-0.0001551959568611129,0.0015483381771640976,0.0003267882200454131
221,222,0.0015522817868856085,2.1813936995910805e-05,0.0020773332617921923,0.00010758394026386892
222,223,0.0015220626149438541,0.0001465370110867529,0.0020198701276138843,0.00018668596431356793
223,224,0.001229449445704327,0.0001977399133133354,0.0015982136060587143,0.00015619356924510066
224,225,0.0007367425605335512,0.0001740635182558647,0.001177562425619483,0.0003676624006672105
225,226,0.00015136442589142745,9.324004351753236e-05,0.00015541966315011225,0.00036683920958501947
226,227,-0.0004035728172801232,-1.3695627442513847e-05,-0.0002793164126398959,0.00037333510611805225
227,228,-0.000822376744163569,-0.00011148279126925006,-0.0005367069165122929,0.0003601556614986336
228,229,-0.0010437791419797278,-0.00017044645413127218,-0.0007223958907388874,0.0003411802510337082
229,230,-0.00106401634073445,-0.0001743407053934366,-0.0006914268721495216,-0.0016553496889755062
230,231,-0.0009324746929430216,-0.00012410597753520467,-0.0006414919632302926,0.00036754387494751934
231,232,-0.0007317069566048569,-3.660700079942767e-05,-0.0005820820397440092,0.0003515895571895916
232,233,-0.0005483319091268329,6.111840688847642e-05,-0.00044358935986022277,0.00031996120547131754
233,234,-0.00044401922633839066,0.00014026793322592112,-0.00036389900653996583,0.00025575834755302496
234,235,-0.0004356439764796517,0.00017878317670215487,-0.00027460132270528694,0.00021999726846997592
235,236,-0.000490812010013547,0.00016747618391986705,-0.00019993041626547298,0.00012791760533958216
236,237,-0.0005401651189763928,0.00011211658810394183,-0.00025277243065015617,0.00012251519254839033
237,238,-0.0005026029537498148,3.1092076214750385e-05,-0.0002456189863209968,-1.4559189212911134e-06
238,239,-0.00031540914469118444,-5.045016537210145e-05,-0.00043062902419219054,3.784930414953641e-05
239,240,4.045061356215703e-05,-0.00010813697617442112,-8.616453882443692e-05,-5.0697658832474165e-05
240,241,0.000528275983906701,-0.00012538410804646818,6.02716573177267e-05,2.8943390340041828e-05
241,242,0.0010612169104099337,-9.796834661385143e-05,0.0013487891552793228,1.0837664007864872e-06
242,243,0.00152435376563172,-3.498663422623857e-05,0.0013587093987929607,0.00013356524065544697
243,244,0.0018068244176673632,4.396186380286602e-05,0.0017755239944237803,4.3179160666792493e-05
244,245,0.0018341950696851015,0.00011453287432592945,0.002049977494151601,2.210174872627793e-05
245,246,0.0015909986396653172,0.00015472626920231422,0.001605206417793131,0.00014225552384789896
246,247,0.0011263115188833558,0.00015133624068489445,0.0009287727461614639,0.00020287200135077934
247,248,0.0005404850256306934,0.00010392986736029146,0.00012672700906888291,0.0002699166867636506
248,249,-4.299174193128291e-05,2.5163161080505176e-05,-0.0006219717922925782,0.0002454356667587597
249,250,-0.0005119269495187911,-6.273697610013837e-05,-0.0007083805618097967,0.0002826357901323851
250,251,-0.0007957106406510773,-0.0001343575392352137,-0.001017026748435753,0.00026025193600314443
251,252,-0.0008823887408196665,-0.000168471846645969,-0.0009270825425636195,-0.001704918722276041
252,253,-0.0008176204222452619,-0.00015416367595343734,-0.0008160237447723442,0.000197223395251367
253,254,-0.0006861898222234066,-9.383469072989447e-05,-0.0009634695988489925,0.0001491729036828492
254,255,-0.0005820181281020736,-2.2279676758641674e-06,-0.0009780091404105883,0.00010361457005759741
255,256,-0.0005760294390056416,9.81087937652649e-05,-0.0010519369818033169,0.000194981467878665
256,257,-0.0006918020765932007,0.000183382043554921,-0.001119651652013916,0.00020147368157420758
257,258,-0.0008965640368354027,0.00023504556306424377,-0.0010556172953909589,8.418895016517298e-05
258,259,-0.0011104786042413484,0.0002443116141899924,-0.0011518145529082937,0.00018000798517469257
259,260,-0.0012316450972391446,0.00021353300766818422,-0.001195882323590103,0.00011867403239249614
260,261,-0.0011694047444826044,0.0001543573832067886,-0.001325356575371564,0.00011998666676986183
261,262,-0.0008758277719678899,8.351198633324363e-05,-0.0013640823298532892,8.06193798146074e-05
262,263,-0.00036553689652622036,1.7660574490095432e-05,-0.0008930570642839603,9.856377331525464e-05
263,264,0.00028268303261411,-3.113218089158883e-05,-0.00022908368116627585,-8.107923018889351e-07
264,265,0.0009436275027776712,-5.8136916036597494e-05,0.0007666076017549082,-1.539732906038349e-05
265,266,0.001477985261714445,-6.632016434303941e-05,0.001585888537390594,-1.660321963842673e-05
266,267,0.0017698641541304388,-6.443993415748262e-05,0.002103196764080592,-0.00010545511025479387
267,268,0.001758432916198357,-6.357162405550368e-05,0.0019263338964709668,-0.00013415239719090556
268,269,0.00145428617652752,-7.312732758841895e-05,0.0013007872719232505,-0.00015751827489882757
269,270,0.0009357695620499451,-9.752668478021523e-05,0.0006393583604886526,-0.0001602049178270656
270,271,0.00032657201410158764,-0.0001344911929334525,-0.00020346439805923777,-0.00010514101892187617
271,272,-0.0002385378629430499,-0.00017549792128486807,-0.0003304983077884427,-6.127183147208654e-05
272,273,-0.0006496146830025139,-0.00020832241900666388,-0.0005378247828421445,1.824995108363109e-05
273,274,-0.0008487016633017536,-0.00022096233975708247,-0.0005446054562399872,1.799775875726614e-05
274,275,-0.00084081034845722,-0.00020574916558300846,-0.0006434261228169912,-0.001962083987695766
275,276,-0.0006862593958565652,-0.00016230953067567606,-0.0005829949198427568,1.52973546580481e-05
276,277,-0.0004774120720257248,-9.832994744676765e-05,-0.0005566644563137933,-8.322141542219135e-05
277,278,-0.00030725499488154983,-2.7753511708336247e-05,-0.0005287789468966712,-0.00011766519683885
278,279,-0.00023938870801191317,3.3123082481335775e-05,-0.0003944952019719109,-0.0001280994184421088
279,280,-0.0002883535314932084,7.047757788200096e-05,-0.00035271546368102703,-0.00023125620698423162
280,281,-0.00041604502931292495,7.721825601076581e-05,-0.00012459921963594802,-0.0002545362035171475
281,282,-0.0005451870101199183,5.533323342849025e-05,-0.00014594868977425415,-0.0002943947815749929
282,283,-0.0005857513383689881,1.5571691810966902e-05,-0.0004909751396692552,-0.00027703111136768554
283,284,-0.00046627051219149394,-2.5514350234083668e-05,-0.0006123215370641904,-0.00028379074068916226
284,285,-0.00016034959292578438,-5.0368322398233344e-05,-0.00048002690971747766,-0.00023173879440799492
285,286,0.0003000809161399532,-4.572179505322813e-05,3.4750024067928536e-05,-0.00024955715008353053
286,287,0.0008293696807588215,-6.8504765359327095e-06,0.0008378790828740789,-0.0003464854278894397
287,288,0.0013097925334331158,6.051016677509512e-05,0.0010768204169469282,-0.0003001301420008058
288,289,0.001624092889421192,0.00014129061887092288,0.0016081200702819966,-0.0002879878361615333
289,290,0.001689197235200517,0.00021510696950615316,0.001836352074474624,-0.00021129140451876268
290,291,0.0014807932520927573,0.0002621459498146811,0.0017360754683697448,-8.422161874057987e-05
291,292,0.0010411101011953666,0.0002692319141892709,0.0008724233441732546,-0.00010313031749328433
292,293,0.00046735702288603574,0.00023419897265581236,-2.8373809786608277e-05,-7.414674785664321e-06
293,294,-0.00011575205985158429,0.00016708241467882422,-0.0005701383175139393,-4.093108917144267e-05
294,295,-0.0005910435163788266,8.755837684756207e-05,-0.0008430900023134846,4.372428331811001e-05
295,296,-0.000880861080630777,1.924188598447238e-05,-0.0009895031807657512,4.930769184097683e-06
296,297,-0.0009663747719482064,-1.7488002830541722e-05,-0.0010176802578755325,-0.0017590481124476589
297,298,-0.0008886185815873435,-1.1916534708176912e-05,-0.0010492930291118266,8.965861650070734e-05
298,299,-0.0007313180799050117,3.336302553808263e-05,-0.0008840904898940079,-1.821410615382324e-05
299,300,-0.0005911297188615505,0.00010275928118464276,-0.0008875192703889436,-4.871084300210199e-05
300,301,-0.0005446856344463762,0.00017186621359010826,-0.000930220160003172,0.00018182884257315427
301,302,-0.0006227194505870476,0.00021425541335609274,-0.0008740953857727556,0.00011231369577865436
302,303,-0.0007993172595990766,0.00020888383307698883,-0.0009467504126669782,0.00010529090039316419
303,304,-0.000999684527619574,0.00014604344709826184,-0.0010724533309384508,-1.1739300065269521e-05
304,305,-0.0011241346555845634,3.029409687099696e-05,-0.0010197369078674327,3.3921215207348086e-05
305,306,-0.0010809820421438761,-0.00012029906260150836,-0.001250269736042711,-9.762442448987973e-05
306,307,-0.0008181797165049811,-0.0002783435809045648,-0.001169211601554604,-9.503490906192652e-05
307,308,-0.0003437768918716568,-0.00041363345849236235,-0.0008133975385541439,-0.00012453531999657112
308,309,0.0002714271037799517,-0.0005004160224935866,-4.0032254093119835e-05,-8.523774572318288e-05
309,310,0.0009102496431345237,-0.0005236728892165523,0.0010242393754143597,-5.0313134208100075e-05
310,311,0.0014398704304560694,-0.0004828652909803739,0.001713071513264922,-0.00020488222766628373
311,312,0.0017478451691627709,-0.00039210655171220915,0.0018518978977213585,7.302426298911846e-05
312,313,0.00177263075027497,-0.0002765108705404997,0.002096621334918167,-3.0678439614266803e-05
313,314,0.0015195762043361048,-0.00016541996203526385,0.001635083984980613,-0.00020811577846784697
314,315,0.0010578430823134804,-8.413281348164167e-05,0.001004261642126132,0.00011447779653879175
315,316,0.0004995647766494174,-4.638940747104248e-05,0.0003584463771323143,0.0004137449914233239
316,317,-3.213083144757126e-05,-4.991537362322127e-05,0.00019029863776448444,0.0005679439676818295
317,318,-0.0004364731367265242,-7.666780299984385e-05,-0.0001983876573607674,0.0003458446614574607
318,319,-0.0006599492716240494,-9.811278340410539e-05,-0.00032691835576167353,0.0004887468403297652
319,320,-0.0007058369944227252,-8.426496317273419e-05,-0.0002492622451307773,-0.0012456758702199158
320,321,-0.0006263264100363031,-1.3865857896037948e-05,-0.00024669967701752734,0.0005423024720926603
321,322,-0.0005004749766257423,0.00011750787107810717,-0.00022061342267419814,0.0007459602545031817
322,323,-0.0004053583119652494,0.0002941525773543492,-0.00024008162848104234,0.0007084757318339236
323,324,-0.0003895681469317296,0.0004830951974904023,-0.00018513257405434452,0.0008757021114244232
324,325,-0.00045723365491791865,0.0006425150783749353,-0.0001497748750604798,0.0007278058098608893
325,326,-0.0005673679792040299,0.0007333496809997193,-0.00010240681861349522,0.001028848657955659
326,327,-0.0006485934973444192,0.0007306173599432306,-0.0001534748353891875,0.0010881772983065328
327,328,-0.0006245675531030362,0.0006309706472272938,-0.00018902252999778536,0.0006515698461764167
328,329,-0.00044209459810417505,0.0004540693095218071,-0.00013402414956388244,0.0008960487909955242
329,330,-9.296670016811393e-05,0.000237228853132903,6.201130343383207e-05,0.0008615984857933814
330,331,0.0003776527076548901,2.4899706116709886e-05,0.00029972668996982503,0.0005407699014049825
331,332,0.0008794658336634654,-0.00014379374009683906,0.0010939626469970638,0.0003165135929782064
332,333,0.0012999603322636848,-0.00024554426069597066,0.0015808965739856093,-0.00039926263104067127
333,334,0.0015354409956168972,-0.0002780702037198992,0.0019242263455459727,8.386219439556486e-05
334,335,0.0015209038182065278,-0.00025847237168057015,0.0017308627559359505,-1.624713248408105e-05
335,336,0.0012496217224044397,-0.000215506818583033,0.0016499877219611095,0.0002825876442784817
336,337,0.0007763070169962746,-0.00017864723254934,0.0007239628827116071,5.625899767760932e-05
337,338,0.00020266837462009125,-0.00016789334028054407,-0.0001737811109012,-0.00014418402084919856
338,339,-0.00035045220385026215,-0.00018790260026215407,-0.0003008484526814677,-0.00011430915448172428
339,340,-0.0007760772134494319,-0.0002283045691004085,-0.00076787907464911,-0.00020839692959834656
340,341,-0.0010093857509707643,-0.0002696630443435858,-0.000944273362274522,-0.00023400657754893485
341,342,-0.0010429169548192903,-0.0002924244763079785,-0.0010297360023933332,-0.0021317750130251164
342,343,-0.0009243055458604374,-0.00028517061759399765,-0.0009585902582278737,-0.00025047580463701186
343,344,-0.000737488680934285,-0.00024896025021388244,-0.0009960434550669137,-0.00016796106324761412
344,345,-0.0005733497874123468,-0.00019626344465458026,-0.0008799355631328605,-0.00010445098503662673
345,346,-0.0004989938868944939,-0.00014521841495229642,-0.0008114103625887572,-0.000318095034254116
346,347,-0.0005353040348371356,-0.00011175592199127513,-0.0007080936964368504,-0.0004907958866958271
347,348,-0.0006499390121665773,-0.0001028414801291465,-0.0006151576926378779,-0.00040439127158721565
348,349,-0.000768193212177132,-0.00011347954073510418,-0.0008131804721247908,-0.0005979472004227376
349,350,-0.0007985393480108412,-0.0001285370199208415,-0.0008434987845855166,-0.0004303204412130761
350,351,-0.0006649198843121034,-0.00012855286149184519,-0.0010953238821569777,-0.0005036550987481567
351,352,-0.0003354704218736946,-9.723296710434992e-05,-0.0008673498732601976,-0.00013602195768841268
352,353,0.0001617975538628127,-2.7792197911094537e-05,-0.0005440928560227061,-0.000462263058271093
353,354,0.0007418997943662309,7.417036506155044e-05,0.00020377503568331132,-0.0003508841532802042
354,355,0.001284071007310658,0.0001922381153233626,0.001324382632841248,-0.0001365819821197764
355,356,0.0016650543325256106,0.0003045202565573453,0.0017571969323280751,-0.00015358450323117465
356,357,0.0017943069108071602,0.000390754211266029,0.001998061689482493,9.49898779781616e-05
357,358,0.0016402123814481056,0.0004385563500668522,0.0014143482702679237,9.921752290985749e-05
358,359,0.001239194342844609,0.0004465738711442003,0.0009109226434899676,-0.0003191767059098687
359,360,0.0006850231662255621,0.00042347102150553875,8.144547874540266e-05,-5.775326154460067e-06
360,361,0.00010179843139386707,0.00038325068535129407,-0.0003748943390881061,6.93425570851262e-05
361,362,-0.00039095316717479347,0.0003387978599353333,-0.0005057041147794427,9.293432672292325e-05
362,363,-0.0007104411693358532,0.00029622341688067497,-0.0006722637424113778,8.266113268568564e-05
363,364,-0.0008305739851740593,0.0002523128700780694,-0.0006379236570473821,-0.001800014239624155
364,365,-0.000784247714266737,0.00019621694009285047,-0.0008152068403638257,8.163790712911292e-05
365,366,-0.0006479542235537399,0.00011486631178831627,-0.0006648013567974882,0.00023819084745599738
366,367,-0.0005139497843259476,7.063312328992044e-08,-0.0006934470261656622,-0.00015012298367229952
367,368,-0.00045874357434886226,-0.00014552155135674636,-0.0006138962953368603,-0.0003874710712330647
368,369,-0.0005175283166588176,-0.0003061232381998107,-0.0006509478854755503,-0.0003882055273896997
369,370,-0.0006722409547650519,-0.0004553833548987548,-0.0006273425312152265,-0.0005610485330530147
370,371,-0.0008568277084719807,-0.0005632282736452419,-0.0007129365343306093,-0.0006046096635294821
371,372,-0.0009781764369085682,-0.000604738171187263,-0.0006263948976049245,-0.0005945060936375273
372,373,-0.0009465033522427612,-0.0005680245851198541,-0.0006778408143328615,-0.0004428100688756619
373,374,-0.0007060656552305793,-0.00045839661184022076,-0.0006429091799767564,-0.00047273981898658543
374,375,-0.00025678834689127437,-0.00029740720854275253,-0.000392372775074852,-0.00022355050004856813
375,376,0.0003400966451779186,-0.00011715041062061054,0.0001213444642700339,-4.845190481504025e-05
376,377,0.000974643622545857,4.8233069418142455e-05,0.0009685096306724021,0.0003266370330522036
377,378,0.0015157873449554108,0.0001710595940641423,0.001688776615441245,0.0004461395560806291
378,379,0.0018460723323003143,0.00023602896152095975,0.00233794368680986,0.00024045648755014444
379,380,0.001893340225228444,0.0002420650939750899,0.0025352976000429586,9.065861782446368e-05
380,381,0.0016500099844070984,0.00020006394333409768,0.002257008431186204,0.00015048920702993827
381,382,0.00117432090694958,0.00012788184340338282,0.0007419543115815792,0.00017207219242406721
382,383,0.0005733925993954163,4.460866998270911e-05,0.0004179069474809479,0.00018723408289623918
383,384,-2.6576722755420126e-05,-3.392931165754591e-05,1.3444080213068684e-05,3.0614038934969e-05
384,385,-0.0005139465476501939,-9.726120771937866e-05,-0.00029924617653240927,0.00038947113795975886
385,386,-0.000819253694960067,-0.00013985691662934735,-0.0004950118042597543,0.00010630702725801019
386,387,-0.0009291600896713339,-0.00015906668833873375,-0.0004714659810559012,-0.001475029273886596
387,388,-0.0008834620434665217,-0.00015280322517093078,-0.000584472020680574,0.0002680821941689384
388,389,-0.0007570243533706308,-0.00011831097285958526,-0.0005991465700351208,0.0001765379773040821
389,390,-0.0006328089279697977,-5.280361217230994e-05,-0.0006001745642754402,0.00012923572918663236
390,391,-0.0005744503561484871,4.4127911024007914e-05,-0.0005253412253756646,9.292934937966695e-05
391,392,-0.000606559808231314,0.00016732439282230024,-0.0005312117403497507,0.00011774311305370069
392,393,-0.0007083315383863833,0.0003036414853640611,-0.0004311103616872213,0.0001941426840886802
393,394,-0.0008219227493484083,0.00043185207820556197,-0.00043518189761351957,0.00020701984156837693
394,395,-0.000872678368540844,0.0005257394992521174,-0.00048318228286681165,0.0003844348684654455
395,396,-0.0007948177947098203,0.0005600886649208933,-0.0006577929128664075,0.00019669680841164215
396,397,-0.0005546555518991241,0.0005180274107487792,-0.0005015056681613696,0.00026991046276993505
397,398,-0.0001642286224140081,0.00039732681056999365,-0.00016130787763304165,0.0002898388181037485
398,399,0.0003188749110916986,0.00021324553026248766,0.0003667023244034617,0.00024786900512607996
399,400,0.0008055009441637268,-3.5735905199859324e-06,0.0008676156103303365,6.584539113608784e-05
400,401,0.001198543914690867,-0.00021402586985847094,0.0017527855107091822,-0.0003628094612503299
401,402,0.001419095139334541,-0.00038041125983817104,0.0019506854202353421,-0.00038159035994528556
402,403,0.0014273234828211922,-0.00047618825578571103,0.001818598984849992,-0.0018779743952687322
403,404,0.0012320078118955027,-0.0004924576356570173,0.0013196460038105923,-0.0002809537832700809
404,405,0.0008862196560476734,-0.00043909759169239734,0.0008759325819810474,-0.0003605244259816932
405,406,0.00047091927635076777,-0.00034033776913338536,0.0006594364101054786,-0.0003372874822846106
406,407,7.180705178521762e-05,-0.00022648101953330895,0.0004361225967983099,-0.0003178003669716949
407,408,-0.00024343764660824264,-0.0001247087830863532,0.00012413973015006657,-0.00021362363998306998
408,409,-0.0004408740342448472,-5.200010123648408e-05,1.0431092957084498e-05,-0.00019973863736297856
409,410,-0.0005247957696018548,-1.2200803134851743e-05,-0.00014779945509546915,-0.0017431082203632463
410,411,-0.0005304369367432899,2.329605935293036e-06,-0.00014459664706138997,-0.00017104704630289245
411,412,-0.0005079042182961919,5.63382688841723e-06,-9.962605559058128e-05,-0.00026444553950535937
412,413,-0.000502836121192358,1.1753642503698356e-05,-0.00011676001033616868,-0.00027531029096534396
413,414,-0.0005399963594452297,2.927078284759017e-05,-0.00019101963493798268,-0.0002836827549269099
414,415,-0.0006148191489349821,5.8461048517785575e-05,-0.0002490953572264494,-0.0002942808146114472
415,416,-0.0006952799377352501,9.171600306611041e-05,-0.00020208818553461605,-0.0003373449904019892
416,417,-0.0007332067019401582,0.00011682224344005976,-8.401823189222285e-05,-0.0003883640511852831
417,418,-0.0006812587805140973,0.00012186995878679244,-0.00020299998721095351,-0.0003601233708519587
418,419,-0.000510128430913646,0.00010015508191374374,-0.00014058589515457322,-0.0003683789406261799
419,420,-0.00022053726143577267,5.348690532967122e-05,7.925930750081014e-05,-0.00041086203162590406
420,421,0.00015372747910668782,-7.227057321899003e-06,0.0004646761344165282,-0.00040265424516609
421,422,0.0005526937739450115,-6.447942025926159e-05,0.001197442207169496,-0.0003435586151766005
422,423,0.0009049119165715728,-9.919031807242645e-05,0.0013103259608630942,-0.00023968744010848927
423,424,0.0011455517991710907,-9.686550264936781e-05,0.0017119258969932275,-0.00018671077265828678
424,425,0.0012325377978958008,-5.296521431720486e-05,0.0017985173005170534,-0.00010395454246674279
425,426,0.0011561374246165266,2.4410237107847928e-05,0.0016848421159084163,-0.0016207352107970613
426,427,0.0009395766065143873,0.0001157381540875223,0.0014062638143481695,-2.262679611586821e-05
427,428,0.0006310539768092583,0.00019520762039276188,0.0009764227847217879,0.00010691641978870991
428,429,0.00029004043686218557,0.00023840110871911166,0.0006070556891421943,7.3278296249776e-05
429,430,-2.7808413976812095e-05,0.00023010401006545446,0.00044386508514057953,4.088667519225669e-05
430,431,-0.00028281060506869197,0.00016956301503238982,0.00019305866168709183,8.991838216237515e-05
431,432,-0.0004574997113140304,7.123647169476237e-05,0.00021235502992995994,4.727282345958658e-05
432,433,-0.0005560470729528748,-3.941624016709337e-05,6.499856592389252e-05,2.7387192814885607e-05
433,434,-0.0005980450334937371,-0.0001338125995179906,1.624656771455768e-05,-0.001572043737502637
434,435,-0.0006092575688649287,-0.00018917408362263726,-0.00012326151427813215,-5.138819967007638e-05
435,436,-0.0006123700182383961,-0.00019549565962809256,-0.0002605577186428427,-4.685620472608676e-05
436,437,-0.0006202425211005823,-0.0001582421585915212,-0.0002503247073632968,-6.180356212818866e-05
437,438,-0.000633045022895087,-9.595095708445664e-05,-0.00023743058942345355,-2.2659403054527628e-05
438,439,-0.0006393964177247004,-3.3650568903957626e-05,-0.0002386578860158981,-2.2621921914219303e-06
439,440,-0.0006206398412976848,5.645948333063977e-06,-0.000147573808605027,-4.7768317181578285e-05
440,441,-0.0005568529756417151,8.574512321355559e-06,-0.00011638134603592826,-8.521638851738461e-05
441,442,-0.00043309633573638867,-2.4233293593503736e-05,7.50447713185084e-05,-1.397279462990804e-05
442,443,-0.00024459173602547186,-7.838933203142282e-05,0.00010021429646437132,-4.0254364646148635e-05
443,444,1.6879251168998647e-07,-0.00013042100149641273,0.0003949017333496951,-1.6096084426014373e-05
444,445,0.0002790452200366883,-0.00015538226027230875,0.000746086190709812,5.0035181966701206e-05
445,446,0.0005588837330444471,-0.00013505217253695405,0.0010295863573949835,-3.3076313348908676e-05
446,447,0.0008009553569101548,-6.421173506679575e-05,0.0008816081663016674,0.00015804930659351238
447,448,0.0009683679231982173,4.69441786643555e-05,0.0007710198281215509,0.00012718480751096803
448,449,0.0010339539714851959,0.00017507263498605144,0.0007038365168731382,0.00021415300498390727
449,450,0.0009866605066432077,0.0002900495455636674,0.0011139402488182886,0.00022352069872333015
450,451,0.0008344803230903117,0.0003635970203065593,0.0026159455139766726,0.0003826720421875245
451,452,0.0006026807480401859,0.0003775685648959918,0.0005262347787134908,0.0004928231896245654
452,453,0.00032745097112592074,0.0003292952854970588,4.039600871956456e-06,0.0004974832178073366
453,454,4.670139723239307e-05,0.0002322295378569769,-0.00015612431769168036,0.0004666570689478283
454,455,-0.00020904066811429522,0.00011158279791363922,-0.00026716748366511936,0.0004214223567258309
455,456,-0.00042249608900225496,-3.6958656932239987e-06,-0.0005190833718672362,0.0004270163507273933
456,457,-0.0005901757702406255,-8.997290496203326e-05,-0.000650815832665544,-0.0011573967799532845
457,458,-0.0007175294626683442,-0.00013595973385114717,-0.0007753471492225089,0.00029976870541035096
458,459,-0.0008108313747339042,-0.00014530441062523416,-0.0008470787440047276,0.0002609071675629772
459,460,-0.0008693954026061442,-0.0001338661030258585,-0.0008671672245817333,0.00023412940244097553
460,461,-0.0008817640043993086,-0.00012268939055964633,-0.0009450120169486617,0.000212588133718487
461,462,-0.0008280341948247175,-0.00012925729517836293,-0.0009696027237137576,0.000269328382111525
462,463,-0.0006879883480501884,-0.00016024106105389215,-0.0010252849087852766,0.00018739677967063322
463,464,-0.00045215687570672306,-0.00020843512992012902,-0.0010209362206711457,0.00017375134979739391
464,465,-0.000131398645970147,-0.00025505661175471945,-0.0009639881255424709,0.00016377419030749372
465,466,0.0002392672149535359,-0.00027664642361459064,-0.00042422712341364264,0.00014292391062004705
466,467,0.0006049739579865732,-0.000254131429675942,0.0001109746972615241,0.00021700338638023446
467,468,0.0009029294513639927,-0.00018078933543464815,0.0007825911311622378,0.00027727776388941405
468,469,0.0010785320015202617,-6.618872736574816e-05,0.0008035069679201412,0.00031005985707569986
469,470,0.0011005445599453446,6.54584260899521e-05,0.0004267873859636495,0.0005799063445485471
470,471,0.0009703001609968112,0.00018216589495650433,0.00036932000433849985,0.0006609398563368165
471,472,0.0007218042682076053,0.00025406863565934627,-0.00043444410572023473,0.0006591799022971534
472,473,0.0004125667893585787,0.0002630481977974777,-0.0005804867454608573,0.0006771068669670381
473,474,0.00010796707671364008,0.00020880238678077373,-0.0007124259856331432,0.0006576053267505787
474,475,-0.00013607629910163544,0.00010920609333707865,-0.0006735164979459389,0.0005922025917065221
475,476,-0.0002869781259706452,-5.3012998028964805e-06,-0.0009559953585071531,0.0011193315192107023
476,477,-0.00034196741046799655,-0.00010154483957616341,-0.0009171500886480004,-0.0004418117464012236
477,478,-0.00032557442848330805,-0.00015442456252444313,-0.0011440645419811518,0.0004896749056556754
478,479,-0.0002792057779486322,-0.00015504997320823832,-0.0011328494597536796,0.0005312910555563927
479,480,-0.00024614935763869105,-0.00011334393079691752,-0.001281643707817369,0.00058287066234417
480,481,-0.0002566000439005843,-5.405847352166616e-05,-0.0011619335528755912,0.0006030679841994324
481,482,-0.0003172444905772927,-7.367177405928863e-06,-0.001076788540961489,0.00039011121295749263
482,483,-0.0004086253889281203,2.8794839149741404e-06,-0.001091910613320216,0.000381773373326892
483,484,-0.0004912571738236793,-3.082122848061938e-05,-0.001018595363565511,0.00035301641043665173
484,485,-0.0005188591246454538,-9.502596304224395e-05,-0.0010351891903603806,0.0004682457254936429
485,486,-0.00045481264284672596,-0.0001582446221458542,-0.0010353376042189692,0.00039150535722869037
486,487,-0.0002867176793371554,-0.00018094650272941707,-0.0011663986238903035,0.0002588825125498868
487,488,-3.418135837589922e-05,-0.00012975781047983227,-0.0008789991609262905,0.00033663916618095616
488,489,0.00025321717564511745,8.795818035094244e-06,-0.000530976772847811,0.0002668508974574727
489,490,0.0005079063690497078,0.00021991588829181776,-0.00015433286164889836,0.00038684059677446286
490,491,0.0006631615100696013,0.0004610148017270124,0.0005268617415389752,0.0003991769234936826
491,492,0.0006732820975985238,0.0006717679050433645,0.0005643551172921721,0.0005040857699821392
492,493,0.0005287900508672188,0.000791177771568329,-5.4210273309146464e-05,0.0010333978246342124
493,494,0.000261549777823318,0.0007764603090517554,-0.00024543860719544096,0.0008790152683976937
494,495,-6.235258636409297e-05,0.0006175575359419009,-0.000639753442034237,0.0006986004821145766
495,496,-0.00036036984331999666,0.0003421891747864114,-0.0006128828108837989,0.0007119938484987772
496,497,-0.0005568926257833372,9.312062591420089e-06,-0.0005276066255160463,-0.0009198582196545622
497,498,-0.0006053393628550381,-0.0003073032208902936,-0.0006888821505222008,-0.0009172736929063661
498,499,-0.0005021441686955005,-0.000540288659049146,-0.0008109137912647924,-0.0025868324120154156
499,500,-0.0002881060037673686,-0.0006479001796618945,-0.0007145497519781423,-0.0010431497904241848
500,501,-3.628705183909965e-05,-0.000625069669100986,0.00023416606269147046,-0.0009066901247158872
501,502,0.00017024881993940198,-0.0005028274545118641,0.00015329059790509148,-0.0007283388380297002
502,503,0.00026432292398767516,-0.00033648745287591673,0.00023498538667483183,-0.0008522860524176359
503,504,0.0002162612958948117,-0.00018664096099878954,-1.7751026473421e-05,-0.0009601430587692812
504,505,4.438071581193384e-05,-9.924759925964516e-05,-6.891300964401194e-05,-0.0008951134660229259
505,506,-0.0001893218398285037,-9.126384290359497e-05,0.000560897053779982,-0.0009924312546027408
506,507,-0.0003974510469335487,-0.0001463444313421966,-0.0001389169686349218,-0.0010025868044704934
507,508,-0.0004942123630492292,-0.00022186231709980767,-0.0005698714333341826,-0.0009891528546224853
508,509,-0.0004229169921179128,-0.00026487327459221013,-0.000722545318108071,-0.0010251303830388864
509,510,-0.00017532858400907524,-0.0002318062521609665,-0.0005932343149094713,-0.0009590289320670494
510,511,0.00020348127642041272,-0.00010543518763072035,-0.00020009684450174626,-0.0009985322049894567
511,512,0.0006266281718467035,9.655041121043195e-05,0.0010228271699885755,-0.0008816841416287838
512,513,0.0009899189382569142,0.0003245129802022866,0.0012007914219779865,-0.0008123216385786571
513,514,0.0012018278260492118,0.0005109048273055026,0.0015290075393928943,-0.0007843120269284925
514,515,0.0012096517575626666,0.0005913138326564037,0.001149611193642981,-0.0005747703010095331
515,516,0.0010138328273580051,0.0005259941827354648,0.0007666141814726966,-7.253566710652116e-05
516,517,0.000666291887635043,0.0003148819395854207,0.00012588994657470963,-0.000346247514136739
517,518,0.00025370805744063163,8.7521232988097e-07,-0.00026133898363225026,-0.0003771961643003977
518,519,-0.00012870102912023674,-0.0003402536711042591,-0.0003596504295957207,-0.0007467538533781665
519,520,-0.0004046522892680737,-0.0006206483630900187,-0.0005207620242940064,-0.0012177182653748202
520,521,-0.0005372495817497161,-0.0007656077796774018,-0.00045276722648763466,-0.0013132864853051974
521,522,-0.000536614376067564,-0.0007354038933798792,-0.0006789346848394486,-0.0026419563124553446
522,523,-0.00045295829114333757,-0.0005367835875759787,-0.0008356182594443484,-0.0004250750984716901
523,524,-0.00035772513986206353,-0.0002205483062184182,-0.0008411402024883559,-0.0007400473912833542
524,525,-0.0003188353219902061,0.00013390820715372838,-0.001028619747995366,-0.0004027289514041071
525,526,-0.00037761997159876395,0.00044208062810506587,-0.0009317759365042146,-0.00019302045502316118
526,527,-0.0005343924614136514,0.000638421866258911,-0.0008699346770259547,-0.00022962143605158514
527,528,-0.0007470068472143884,0.0006936454076350904,-0.000965784550381408,-0.0001839171523065438
528,529,-0.0009429267515205112,0.0006203155420441522,-0.0012917013503228126,-0.0002143426365338778
529,530,-0.0010413239797299294,0.00046562503626068586,-0.001449684598556241,-9.18743762702784e-05
530,531,-0.000978669742870217,0.0002942336084143261,-0.0014423499525323313,-0.0003920277114309074
531,532,-0.0007300874144667764,0.00016690449987562183,-0.0013740497640982942,-0.000276250178649
532,533,-0.00031983316073668216,0.00012163345356799309,-0.0011230564814804992,-0.0005425343293898613
533,534,0.00018257363612113176,0.0001628545510610926,-0.00037232028512569626,-0.0003338519595169594
534,535,0.0006797233067701951,0.0002615931740561016,-0.00010315246269265282,-0.0003597853819070217
535,536,0.0010721688213975696,0.0003660159760582467,0.0012222312669096646,-0.00017681175550980952
536,537,0.0012850500141168397,0.0004187469506279855,0.0011373702308099926,-7.066024393248011e-05
537,538,0.0012874965852927517,0.0003754645281391049,0.0010114262737235108,-8.759962876856766e-05
538,539,0.001099071200502634,0.00021915044695327185,0.0007005189248727691,0.00013160344557262737
539,540,0.0007815873731600998,-3.411404359121019e-05,0.00012819425885212546,-0.0002900660189578939
540,541,0.0004191920401889532,-0.00033924531314487625,-0.00011712871355900173,-0.000684379029121058
541,542,9.315286083563234e-05,-0.0006346260133815035,-7.745703197127505e-05,-0.0007981494119780627
542,543,-0.00014078041203345156,-0.0008590467724569263,2.9085408650055225e-05,-0.0008891230116279971
543,544,-0.00026564218281358834,-0.0009680928920405871,-0.00014003588234367569,-0.00047026163758807427
544,545,-0.00030348085411465293,-0.0009453228444368164,-0.0003202215900348367,-0.0007833687660396269
545,546,-0.00030303451996884065,-0.0008052749172524926,-0.0004658191213565151,-0.0017156717734829467
546,547,-0.0003192021609084359,-0.0005877978453386958,-0.0004763105788033181,-0.0005246738627750256
547,548,-0.0003911132040332472,-0.0003457057828297747,-0.0005938965169966661,-0.0002754200649922146
548,549,-0.0005259565941920902,-0.00012960066105941926,-0.0005773939524654387,1.0237341392601296e-05
549,550,-0.0006939172177589718,2.5622244076231072e-05,-0.00038620099771908943,-0.0001029235367133944
550,551,-0.0008361087994416892,0.00010873998930463575,-0.00042552182647134855,5.124391390248551e-05
551,552,-0.0008832837968494773,0.00013258627063215877,-0.0003943068462999354,1.0817293816613754e-05
552,553,-0.000779563168563297,0.0001271569649561243,-0.0005635885551040025,2.3309846241794592e-05
553,554,-0.0005035842616538463,0.0001279256809860203,-0.000707071210740328,5.3815666985848556e-05
554,555,-7.99917738695055e-05,0.00016320760300227884,-0.0004815924072046488,0.00024965122324429803
555,556,0.0004229391336420001,0.0002445340365314195,0.00025575766016548305,0.00021887153011974152
556,557,0.0009093784968230321,0.00036290582135648284,0.00171077478305038,0.0004997050012657862
557,558,0.0012810603601290805,0.0004918655058291446,0.001952025085666042,0.0005406292525244351
558,559,0.0014637358298648037,0.0005961892088083851,0.0017675697610413455,0.00057781920747206
559,560,0.001426734489630609,0.000643308288155593,0.0018067841172581865,0.000734271873002762
560,561,0.0011896502744743733,0.0006138229938380728,0.0015980559859309301,0.0007633939264477776
561,562,0.0008143975909429575,0.0005078579698359984,0.0006715060981710054,0.0007434352360433978
562,563,0.00038561741108623774,0.000345379970528139,0.00031186408321690133,0.00073043224219537
563,564,-1.3983507213599061e-05,0.00016050780313348276,4.4703904825355356e-05,0.0006238016824333857
564,565,-0.00032548586385441414,-8.306373679093114e-06,0.0002964078976759642,0.00044119236145245415
565,566,-0.0005262727291214355,-0.00012913149975048613,-0.00011004856744827859,-0.0006430551644897644
566,567,-0.0006300556036987984,-0.00018514622817592636,-0.000280995101482874,0.0004294674594910141
567,568,-0.000675436810131992,-0.00017849619140787847,-0.00046460973018222273,0.0005381702035988788
568,569,-0.0007075993470468128,-0.0001285256418789217,-0.0005151439064688428,0.0005271299657847045
569,570,-0.0007595829489820682,-6.52451115343834e-05,-0.0006545662403685037,0.0005688015281774332
570,571,-0.0008393171229213189,-2.0250861489465222e-05,-0.0006775677462455709,0.0006240881833428767
571,572,-0.0009263857893129971,-1.785957486125654e-05,-0.0007549546532482088,0.0005427593575620671
572,573,-0.0009791975448493334,-6.887466700485081e-05,-0.000861197950655947,0.000536265545725816
573,574,-0.0009499009711615744,-0.00016838415182377997,-0.0005713218109690108,0.00040376140724192224
574,575,-0.0008020230549519858,-0.00029771936417828735,-0.0005081591041148028,0.00040697788099363486
575,576,-0.0005250845637198639,-0.0004296063947322091,-0.00047372840130336725,0.00016436144280476111
576,577,-0.00014151308337653654,-0.0005349054204436804,-0.00031453308559828246,0.0002515310394260834
577,578,0.0002963466076567597,-0.0005892330519827327,0.0005036492542254961,0.00023932132558841348
578,579,0.0007182260272554458,-0.0005780855901488021,0.0008924320630620011,0.00035971073120271135
579,580,0.0010532820280342154,-0.0004996143812528043,0.0011531641607243465,0.00037795520514887393
580,581,0.001247605254073695,-0.00036474827193194454,0.0019137804532765017,0.00031229005650452226
581,582,0.0012768063202317323,-0.00019480317540793458,0.0017394250077202023,0.0005348846141676448
582,583,0.0011502860028750352,-1.705968490147506e-05,0.001079516107155274,0.000672649117052316
583,584,0.0009064482538879248,0.00014092413398716276,0.000576152411899881,0.0010388298360103868
584,585,0.0006008239874104351,0.0002572376528685161,0.0007112081166886726,0.0009958840036107626
585,586,0.0002909686774782149,0.00032056340980668625,0.0007103864685894241,0.001228099520356118
586,587,2.255730940333575e-05,0.0003329181886724931,0.000251977366851598,0.0013968415012479635
587,588,-0.0001796898877448279,0.0003092537539920278,0.0001877771843332926,0.0011386607730493284
588,589,-0.0003143325076408064,0.00027361203692697575,0.0005218351395819691,0.00015737497026417958
589,590,-0.00039886809817925626,0.0002524127339528992,-3.0462143887577218e-05,0.0013206995365788311
590,591,-0.0004605059960250963,0.0002663696715091618,-0.0003798712209455003,0.0011204831356385566
591,592,-0.0005248856841140113,0.0003231969641615304,-0.0005783773045836589,0.0011762989935400925
592,593,-0.0006058693617088729,0.0004134058712387779,-0.0004893733671272373,0.0012968530663834657
593,594,-0.000699174796087824,0.0005109460981170958,-0.0006047220635466083,0.0009152897970669436
594,595,-0.0007817164029799995,0.0005792320093293161,-0.00036319457975007917,0.0010535004628146225
595,596,-0.0008172084419172684,0.0005814622795987844,-5.7717948710040936e-05,0.0009531397052162198
596,597,-0.0007669994657057286,0.0004925511950549149,-0.0001983271445864479,0.0010016129059166052
597,598,-0.0006035136593898774,0.00030901219055573824,-3.225544383710033e-06,0.0011485522384405292
598,599,-0.0003224943799154928,5.325782468259638e-05,-6.718818184495673e-05,0.0011121441544695698
599,600,5.002441995017529e-05,-0.0002298183169828971,3.6141532595680095e-05,0.0010268365996332865
600,601,0.00045909279836340943,-0.0004837292593471619,-0.00026526432273787394,-0.0011730263997180948
601,602,0.0008313963203354182,-0.0006558897576875686,0.0011140382565092291,-0.0011109744805187919
602,603,0.001092878319064745,-0.0007129828083853897,0.0016333642470370956,-0.0008729266800309037
603,604,0.0011886670230828022,-0.000651129143902921,0.0019175227517151485,-0.0005652028882405151
604,605,0.001099210662057818,-0.0004972675681037938,0.001517380080365808,-0.00033519158322822275
605,606,0.0008471995589442732,-0.0003010069017249485,0.0007418106773332842,-0.00025467294464658085
606,607,0.0004924944068171554,-0.000119444344921225,0.0005109238735531637,-0.00022928314138607897
607,608,0.00011606859655172231,1.1852597283748545e-07,-4.0061279751197815e-05,0.00012231058687853268
608,609,-0.00020239271873027535,3.389580439988306e-05,-0.00037632150644566003,0.00034035166023254894
609,610,-0.0004064022835987243,-1.2645009473841264e-05,-4.177815730371354e-05,0.00040825689789054736
610,611,-0.0004772918979970797,-0.00010866146791488034,-0.00038170862810351145,0.00021671549113448462
611,612,-0.0004370184854142058,-0.00020975282538673013,-0.0004227010128300379,-0.0015613524059822793
612,613,-0.0003383764055511096,-0.0002733937275860191,-0.0004260878947521421,0.00015457554303401161
613,614,-0.0002458307745413964,-0.00027262385193776957,-0.0004251294028883241,-0.00010615451753927604
614,615,-0.0002131393965675602,-0.00020351727661453784,-0.00048411304098784256,-8.591792929363618e-05
615,616,-0.0002649126183940869,-8.436454628983903e-05,1.0994682474798415e-06,0.00017308126195106095
616,617,-0.00038797490216585463,5.25091505700169e-05,-0.0005606616863629551,7.594957472183989e-05
617,618,-0.0005352575191938143,0.00017289527822121476,-0.0006477202532880755,0.0004166040567478578
618,619,-0.0006409675419360453,0.0002523157539215551,-0.001043632692405087,0.0004515303102590752
619,620,-0.0006422127714522392,0.0002831304048252905,-0.0010167054037986483,0.0003343628076599677
620,621,-0.0005002507859500407,0.0002750449840724667,-0.0007053006639227705,0.00011724964566647012
621,622,-0.0002147050957177022,0.0002493846954056295,-0.0007544906809942717,0.00027535406724631155
622,623,0.00017362974369234887,0.00022964365463822194,-0.0002470739860227285,0.0004336510919820032
623,624,0.0005921583751726922,0.0002319413715188774,0.00029955845353660775,0.00023679767625457961
624,625,0.00095504007945564,0.0002588104448226594,0.0006173880579977596,0.00036367997923811816
625,626,0.0011852569448605648,0.000298375322575658,0.0011147712895843967,0.0004966245953451884
626,627,0.001233732945463826,0.00032900109381259755,0.0005994828266258914,0.0005403623086743407
627,628,0.0010903039896995735,0.0003275940204196447,0.0013706987299886184,0.0004870257282360203
628,629,0.0007841146766235221,0.00027854284173206155,-0.0005153604762879467,0.0003527149747808601
629,630,0.0003742910352469986,0.00018015506834109178,4.504752938455364e-05,0.00022859727436193216
630,631,-6.559758138740208e-05,4.636217506541744e-05,-0.0010911610564554772,0.0004398185846251019
631,632,-0.0004645122492463398,-9.689441410843885e-05,-0.0010583096214770906,0.0004138383549058856
632,633,-0.000767930640391866,-0.00021938023527220323,-0.0009469178743483431,0.0003694431516017152
633,634,-0.0009460033489418338,-0.0002957955082860933,-0.0008570493997724436,-0.0010448994558121933
634,635,-0.0009950946788751915,-0.0003134294191538913,-0.0010464790329380972,0.00015639577761837094
635,636,-0.0009336908339315577,-0.00027571407719940365,-0.0015669498904543615,6.203299691249166e-05
636,637,-0.0007946771489783009,-0.00020056812577584542,-0.0016457774153974887,9.856962108021003e-05
637,638,-0.0006162130248185715,-0.00011420212490713211,-0.0015874593933774322,0.00022142611586186762
638,639,-0.0004331383216544275,-4.2576922032244114e-05,-0.0010786380045779529,0.0001867182843395646
639,640,-0.0002703673201991535,-3.4308652908420517e-06,-0.00047186079837467654,0.0003994769968382228
640,641,-0.0001392608140692447,-1.48509891718282e-06,-0.0005212134796811853,0.00020646724921619868
641,642,-3.750258092841857e-05,-2.8238859300751485e-05,-0.0005696649960296444,0.00027739805723927483
642,643,4.75703069693025e-05,-6.613496196093337e-05,9.503758032464659e-05,-3.0320256705866773e-05
643,644,0.00013296812593818302,-9.540497515523106e-05,-0.0008206660347562418,-1.927707064157466e-05
644,645,0.0002329216502134558,-0.00010110613384266681,-0.0005733820313699114,-0.00015347195985169945
645,646,0.00035266014430862747,-7.798158369849428e-05,-0.00026186329705245786,0.00018087136909943462
646,647,0.0004850583556688423,-3.170796161142461e-05,-0.00017336651109954045,0.00031059516159323054
647,648,0.0006113734323883928,2.355616822066138e-05,0.0001845563360988144,0.00021083631052575306
648,649,0.0007060402814824681,7.016083105366725e-05,9.115579470719086e-05,0.0003812233120983336
649,650,0.0007441442833777098,9.26259352540486e-05,0.00031668358197276827,0.0005398481856824004
650,651,0.0007092390658522717,8.212620680204544e-05,0.000343303820910321,0.00025414238520430406
651,652,0.0005989944179349456,3.859741705178274e-05,6.50413505111198e-05,0.0002328781093819965
652,653,0.0004268332110095222,-2.9796463314630026e-05,-0.0002380639344330363,5.305983873754115e-05
653,654,0.0002190145260034765,-0.00010924636093354503,-0.00021387617784941447,-0.00010371187189787027
654,655,8.085086337414865e-06,-0.0001838721486076897,-0.0007981342011691948,9.549435960903846e-05
655,656,-0.0001752516844500606,-0.00023921534285689414,-0.0006878311233402559,0.00016194093006030602
656,657,-0.00030937262552097706,-0.0002648971685821315,-0.0007736008154522747,0.00015339867634772057
657,658,-0.00038597547930969197,-0.00025610889813727024,-0.0007961143813947877,0.000386349195312655
658,659,-0.00041022468326208617,-0.0002139228278468885,-0.0004891774308893703,9.686362365704607e-05
659,660,-0.0003969837392148784,-0.00014456359691928308,-0.0009820006412584144,-0.0013389190624056439
660,661,-0.00036447466190929814,-5.7824493306721183e-05,-0.0011093555009657724,0.0005971212286771074
661,662,-0.00032742748191204194,3.512969053197924e-05,-0.0009430130596649818,0.00028550807001196055
662,663,-0.00029190151144078416,0.00012419725994821618,-0.0006562539409184029,0.000600958037141659
663,664,-0.0002534644443104136,0.00020246871615379675,-0.00027491853938392763,0.00021143893048352407
664,665,-0.0001994294546863722,0.0002674329685205575,-0.0005902572745793142,0.0003094145506052613
665,666,-0.0001146099135109654,0.00032077688433642575,-3.51778351591956e-05,0.0003919416159376609
666,667,1.1122285063749849e-05,0.0003666603453110874,-0.00041014174187282927,0.0003686854813993576
667,668,0.00017594115583287985,0.00040885669130910504,-0.00011927256985273246,0.00047941008317421143
668,669,0.00036234059421380956,0.00044762803073628016,6.760646156864507e-05,0.0006690345673263567
669,670,0.0005383039280937688,0.0004774717455730818,0.0005025304101648559,0.0005734853744732894
670,671,0.0006636490632951209,0.0004867925644211626,0.0007302704032285578,0.00048035638259096773
671,672,0.0007001321755999466,0.0004600838807690155,0.0005934864492909494,9.803889414681297e-05
672,673,0.0006225014540964029,0.0003824259808347886,0.0009100202687117287,-0.00010736296382954705
673,674,0.0004271148669105137,0.00024523513476303385,6.578065003606573e-05,0.0001639907282659004
674,675,0.00013524026363704583,5.1519827838116734e-05,0.0007914316997570093,0.0003064106415384954
675,676,-0.000210346633666821,-0.00018128756905431916,0.0002633795189464977,-0.00041068707933467194
676,677,-0.0005548012796704236,-0.00042238032752543796,-0.0004129489524692547,-0.0007184183489935662
677,678,-0.0008440818850512194,-0.0006328798945379008,-0.0007362874736595043,-0.00044828506306211085
678,679,-0.0010374865436579045,-0.000774377208294017,-0.0005556744788832779,-0.000844651356972106
679,680,-0.0011161374432430988,-0.0008184894504316569,-0.0005911357884962012,-0.0020165107918372364
680,681,-0.0010849807944051139,-0.0007546458528632157,-0.0008271395867037081,-0.000871288088883005
681,682,-0.0009679829740701956,-0.0005936627402053177,-0.0005436597104059727,-0.0006691978200666722
682,683,-0.0007984167314515881,-0.000365856999115168,0.0002454915579180369,-0.000288427537737806
683,684,-0.0006076713127306628,-0.00011409049318336805,-8.35521579832583e-05,-0.0005549468260300469
684,685,-0.0004163477283143177,0.00011632665094201847,0.0002834289091122979,-9.242980771343224e-05
685,686,-0.00023041614153512644,0.0002880359912487659,0.00020433453638170478,-2.3563743795239678e-05
686,687,-4.329808468359003e-05,0.00037949354393185584,0.000997067851230049,0.0004228790241925153
687,688,0.00015739037283367882,0.00038832095656901155,0.0005743033006615217,0.00011499832091376456
688,689,0.00038125840008577813,0.0003295832216739751,0.0004866175893537213,0.00016302194610429355
689,690,0.000627997618237291,0.0002299143536654415,0.0014504388834855378,-0.00017467671201847767
690,691,0.0008841880056026156,0.00011950286463338741,0.0011222603650961765,8.963248252935307e-05
691,692,0.0011249493331439418,2.4344086266482516e-05,0.0015553536391055402,1.5770350534275224e-05
692,693,0.00131954099924577,-3.9189147292953096e-05,0.003096966958282435,-0.00018982092950303836
693,694,0.0014387364770486718,-6.632501224017712e-05,0.00164828486645018,-0.0002430491968911995
694,695,0.0014614715247593803,-6.242717945041342e-05,0.0014662224387104318,-0.0002190246632022136
695,696,0.0013788909881207918,-3.9081265556667314e-05,0.0012918717711317821,-0.0004809724791142281
696,697,0.0011951103212949077,-9.291459908602986e-06,0.0015608001380096252,-0.0004077686159244699
697,698,0.000925204460157813,1.6632204294522223e-05,0.001006212476126836,-0.0002746202592229097
698,699,0.0005916773929296799,3.3372710240720056e-05,0.0010059865629227153,-0.0001949249007626106
699,700,0.0002207711798645818,4.071144475365533e-05,0.00099344483074335,-0.00024104905709731384
700,701,-0.00016044027531092543,4.1833051970078805e-05,-0.0006669961995534881,-0.00033494168741483556
701,702,-0.0005258697394115223,4.0778129930302494e-05,-0.000917596554869037,-0.0003049996712549156
702,703,-0.0008514142658168273,4.0165200262927795e-05,-0.0011133528832924394,-0.00030162115595616857
703,704,-0.0011156967703052658,4.005949746637321e-05,-0.0011938913714246865,-0.0003064741546388766
704,705,-0.0013010818714214235,3.831557065199511e-05,-0.0015885693359499453,-0.00024088765288331264
705,706,-0.001395188762699103,3.208368793476993e-05,-0.0018684637273482703,-0.0002925615762081652
706,707,-0.001392687074696934,1.9697018365899162e-05,-0.0017251409024937607,-0.00021775628978502494
707,708,-0.001296781505502562,2.030728347914446e-06,-0.0018262058472115774,-0.00030247591974014165
708,709,-0.0011196420950716592,-1.7313393021299426e-05,-0.0018442464650884388,-0.00034681249701494466
709,710,-0.0008812191162300634,-3.3111316859454936e-05,-0.0015183510172324505,-0.000442607841029545
710,711,-0.0006063672533942193,-4.045321011172212e-05,-0.001557915305681939,-0.00042625234622078724
711,712,-0.00032082793676205035,-3.668708706012559e-05,-0.0010322741674658434,-0.0003754217968835489
712,713,-4.712755208591524e-05,-2.253400256326861e-05,-0.00048105929432719574,-0.00033898473537995644
713,714,0.00019839947169187638,-1.885096238645724e-06,-0.00035629689904542803,-0.00035910929833262865
714,715,0.0004065755876791469,1.9656917253339133e-05,-0.00027377463811806204,-0.0003002171141094204
715,716,0.0005741552087995227,3.6904353531700995e-05,-0.00031595176996151146,-0.00035098197096376923
716,717,0.0007010548259810433,4.701199598776229e-05,-0.00030145820245491584,-0.0002772011292123691
717,718,0.0007872687260081391,5.0416295627718126e-05,-4.687444750611058e-06,-0.000279842631815617
718,719,0.0008307859570533909,5.039871357332379e-05,0.00022864515443042668,-0.0003347655176555554
719,720,0.0008273650231632764,5.144502166947e-05,-0.0001245795745636476,-0.00040852179939863763
720,721,0.0007722230073339187,5.706252180787194e-05,0.00023788050590115424,-0.00032302130063179235
721,722,0.0006629096878038103,6.79410011965964e-05,0.0009328638297557436,-0.0002625052392164799
722,723,0.0005021973815859472,8.121330623371476e-05,1.155347728144336e-05,-0.00022782007618328903
723,724,0.00029987598768212696,9.114344278733188e-05,-0.0006507060415225221,-0.00022370964354666173
724,725,7.28097203516018e-05,9.101751966244811e-05,-0.0009074906561112541,-0.0001627912021622478
725,726,-0.0001567765798245366,7.555376540850678e-05,-0.0008294685462979054,-0.00022396997422958808
726,727,-0.0003643343090652219,4.295689626938439e-05,-0.0005100650080113302,-5.412937908845766e-05
727,728,-0.0005266919382931655,-4.1163747548672235e-06,-0.0004983700627211466,-0.00020243303025675486
728,729,-0.0006257642951195388,-5.900631798450471e-05,-0.0007040996561424306,-0.0003292120162873529
729,730,-0.0006516818918501998,-0.00011273140154812428,-0.0008618133974425662,-0.00028064958087202876
730,731,-0.0006047772789617278,-0.00015630722346535682,-0.0008346047547162094,-0.00026373065874035854
731,732,-0.0004958837958284222,-0.0001829392056721601,-0.0007730245106312416,-0.00019576567742461825
732,733,-0.00034455784864731985,-0.00018944113595064166,-0.0008602396426341614,-0.0002485945074475002
733,734,-0.0001752529001740285,-0.00017656187713616288,-0.0004949089765222288,-0.00018214312121376562
734,735,-1.2119643597189918e-05,-0.00014830034293730505,-2.5239579477687264e-05,-0.0001930905325126257
735,736,0.0001262485897722783,-0.00011059794779482706,0.00041065254607438483,-2.224985947739344e-05
736,737,0.00023050199291433344,-6.991486088458555e-05,0.00031528158983515743,-4.9253577669258195e-06
737,738,0.0003013270744495781,-3.210589384836436e-05,0.000550804024908788,-3.918938746735601e-06
738,739,0.00034693148951605115,-1.7829112824592208e-06,0.0001453645837030983,0.0001052759677224921
739,740,0.00037802795554984744,1.789865132938001e-05,7.430225119876556e-05,0.00011921134373276726
740,741,0.00040215432755230315,2.5247698022743363e-05,0.00030921825441646787,0.00017710376073067763
741,742,0.00041953134509736443,2.0061282016185554e-05,-7.336364689771723e-05,0.0001829491815713345
742,743,0.00042214969315757824,3.7529526102449278e-06,0.00041974266791650587,0.00029314051489341323
743,744,0.00039656662754657807,-2.0511085898878797e-05,0.0009177052170890942,0.0002058783929039984
744,745,0.0003294656636575521,-4.7894963980871966e-05,0.00024468201926233427,0.00020085200079509547
745,746,0.0002139699496792721,-7.241725263589833e-05,-0.00016269082701763843,0.00032020701627859125
746,747,5.441223544724931e-05,-8.798429857556761e-05,0.0002593566621726191,0.00026344910643164655
747,748,-0.00013217610310614658,-8.975952017369517e-05,-0.0006483090166752854,0.00017216673651234936
748,749,-0.00031845811523645594,-7.547700091550111e-05,-0.0007755310483807485,0.00017990061910188703
749,750,-0.00047241638789895533,-4.622279878776271e-05,-0.0010754118691530346,0.00033246413581891496
750,751,-0.0005646330166050391,-6.3150783354155905e-06,-0.0006657761444847445,0.0004443523441004392
751,752,-0.0005752888580656254,3.7807692673373086e-05,-0.0006012282223142401,0.00035458898813343567
752,753,-0.0004991544026223539,7.942979761720564e-05,-0.0006617785571729468,0.0004248799127619075
753,754,-0.00034743705111893496,0.00011357952983279346,-0.0005284915053594473,0.0004340023237767693
754,755,-0.00014609637096609459,0.00013855657252085488,-0.00048763547958153983,0.000415838046486112
755,756,6.903105124964057e-05,0.00015640125068819828,-0.0009405048348848261,0.0004286724563107253
756,757,0.00025932796614615473,0.00017205226159921046,-0.0006044147217012455,0.000492388000296626
757,758,0.0003912684396810472,0.00019136197823950218,0.0010354961638198601,0.0006000365965956902
758,759,0.00044336787824175516,0.00021854166837296442,-0.0001192626550019796,0.0006686685238582116
759,760,0.0004105918462172271,0.00025385934034980183,-0.00032465792054416244,0.0004155089801424049
760,761,0.0003050890958119061,0.00029241261329052896,0.0005541196894979163,0.00039895382167098647
761,762,0.00015296499624108104,0.00032452089059273835,6.299666452818029e-06,0.0005546593740858393
762,763,-1.2166758186310074e-05,0.00033779045229896356,-0.0005199655821422801,0.0005788121305318279
763,764,-0.0001572264166249847,0.00032035461580889077,-0.0004900069201378312,0.00042152735952726965
764,765,-0.0002572155042489069,0.0002643727865542772,-0.0004725272202235518,0.0006554477578416117
765,766,-0.00030031597539000114,0.0001687483254832362,9.936098325496254e-05,0.0006095465371947294
766,767,-0.0002892874773825392,4.025064258465243e-05,0.00022197664474073612,-0.00012321256087528072
767,768,-0.0002389521682244268,-0.00010728149454383253,-0.00027548642469581614,-0.00018162217200452812
768,769,-0.00017062743687055968,-0.0002554090985164621,0.00014233834141292228,-0.00017106959953238588
769,770,-0.00010517135551411626,-0.00038454887064158635,-1.116217150984125e-05,-0.0003687252583378007
770,771,-5.66530319073689e-05,-0.00047755481657415133,0.0004762099482536152,-0.0005648615564251482
771,772,-2.848392831588134e-05,-0.0005226627835303164,0.0003155204841380561,-0.0005703420521850029
772,773,-1.318715529019135e-05,-0.0005153091142672393,0.000540711409450998,-0.0005219603216351567
773,774,4.030740564195334e-06,-0.0004586452669994291,0.0012797749641135204,-0.000489617330999775
774,775,3.8890589659110685e-05,-0.00036281140339347216,0.0012671818873996844,-0.000623220274493645
775,776,0.00010080860510870577,-0.0002431716662926437,0.000803314915286965,-0.0005635037336915235
776,777,0.00018729181646656563,-0.00011778693042065869,0.0012697331078417534,-0.0006780378164804795
777,778,0.00028216552390458933,-4.463956162956445e-06,0.001306047670033875,0.0008536131695970271
778,779,0.00035874836447897563,8.219872837879542e-05,0.0002650134513437698,-0.000680023393070109
779,780,0.0003874278799343575,0.0001332723950667182,0.001890601313522659,0.0006313867053303062
780,781,0.0003454029435741044,0.00014696221080078654,0.00215896256059611,0.00021805775206192322
781,782,0.0002253254653794593,0.0001286822473786876,0.001537640988969078,0.0003177840193962057
782,783,3.970362641159753e-05,8.960000284136673e-05,0.002007884941562497,0.000221091091417367
783,784,-0.00018070868299283418,4.385573313206503e-05,0.0008572783424838107,0.00022311820921205443
784,785,-0.0003941910930687176,5.021057924581768e-06,0.00032718130110510787,0.0002621550177938907
785,786,-0.0005586323564525993,-1.73695737234944e-05,0.0005995072648556501,0.00017384762560841837
786,787,-0.0006419432232610559,-2.029475862005216e-05,-7.025762963971289e-05,0.0001900660531642125
787,788,-0.000629135581202464,-7.963972987519234e-06,0.00047002036423695584,0.00016962940463294943
788,789,-0.0005243655900199747,9.591520739914775e-06,0.0013421201560022368,0.00014515442321503774
789,790,-0.00034816505341052616,1.9853703184984902e-05,0.0011755775383412864,0.00021501904133384249
790,791,-0.0001315893676115766,1.2272589350604282e-05,0.0013179020710047263,0.00016840517188944297
791,792,9.049765826436565e-05,-1.742305374861425e-05,0.0011198525568045551,0.0002031056547200146
792,793,0.0002853183680218852,-6.445636332966664e-05,0.0004757220153551578,8.818884462283698e-05
793,794,0.0004266169891129989,-0.00011487631545969513,0.0005090820500735667,0.00019534860785173872
794,795,0.0004978327173607291,-0.00014847649012026597,0.0006493522367173831,0.0002080003621956339
795,796,0.0004943480892792286,-0.00014422719332638469,0.0008826648400165559,0.00011674588120019678
796,797,0.0004246414778066706,-8.680983580151813e-05,0.0011694112747269159,3.421136152476513e-05
797,798,0.0003095373521393803,2.7671204329923844e-05,0.0012651505691598814,9.875093028867444e-05
798,799,0.00017864767484973828,0.0001886483839964491,0.0009826161493199695,0.00018101052634313529
799,800,6.388012039651988e-05,0.0003718738073009623,0.0007896241847403212,0.0001181211682262054
800,801,-8.691633340304982e-06,0.0005440528538849965,-0.001716366894768766,0.0006208284477490822
801,802,-2.6006262372225198e-05,0.0006701790421995954,-0.0009999990946804429,0.0009741947386804937
802,803,8.64966447935256e-06,0.0007215989840928907,-0.000840808527816015,0.0006538339310179412
803,804,7.791045961653337e-05,0.0006826511576498793,0.0002793639427343196,-0.00012421296562345192
804,805,0.00015772133333963561,0.00055420868299685,0.00033787655681676807,0.00024447222728901484
805,806,0.00022699883405060743,0.0003534000346844463,0.00027082424204807355,3.660847466295988e-05
806,807,0.0002754055777705467,0.00010982930663966084,-7.04078753090808e-05,-0.00012096203820067652
807,808,0.0003056027959421556,-0.0001405628259750871,-0.0003211706281645634,-0.00015225792696625418
808,809,0.0003286122491011344,-0.000362453807884232,-0.000449054673166086,-0.0005728685354804647
809,810,0.0003540220603244859,-0.0005273951929598858,-0.00019344093779414883,-0.0005932188602824044
810,811,0.0003793647738755875,-0.0006182073018243053,-1.0287132247696936e-05,-0.0007366398045767053
811,812,0.0003839019010879966,-0.0006308714100943143,0.0005507392079275325,-0.00074388995006579
812,813,0.000330762593253133,-0.0005738346980761404,0.0004086952518818199,-0.000839535087414425
813,814,0.0001782850517465753,-0.0004651392941219365,0.00026863301331069966,-0.0004304537699268907
814,815,-0.00010238340120917608,-0.0003281587176465368,0.00017723330055464712,-0.00043820608850020506
815,816,-0.0005094205147351089,-0.00018692524247142285,-0.00017917757204615267,8.045615126932227e-05
816,817,-0.0009992631255771758,-6.202626468481398e-05,-0.00016868711014785987,0.00018512815990149984
817,818,-0.0014879230415102947,3.216914591294834e-05,-0.00042729350627271356,0.0002956689992166118
818,819,-0.0018665324303039062,8.85787085419924e-05,-3.7152894849270576e-05,4.698760833329435e-05
819,820,-0.0020281193854711594,0.00010685542947641596,-8.571686895771899e-05,0.00046925379923709224
820,821,-0.0018982934319621365,9.170473162857268e-05,0.0002998330015021171,0.00044406305571085696
821,822,-0.0014603320137266537,5.0785823197213225e-05,0.00041706752351997273,0.00029997900190517455
822,823,-0.0007660939330552261,-7.101970617242104e-06,-0.0004021815298691166,0.0001893468658123726
823,824,7.181382646062849e-05,-7.308873749243006e-05,0.0028914792057936354,0.00021142356625155576
